category_english,delivered_orders,late_rate,super_late_rate,avg_review_score,avg_days_difference
audio,344,0.11918604651162791,0.08430232558139535,3.846041055718475,10.005813953488373
home_confort,370,0.0945945945945946,0.06756756756756757,3.9157608695652173,9.781081081081082
books_technical,254,0.08267716535433071,0.031496062992125984,4.4229249011857705,11.248031496062993
baby,2761,0.08113002535313292,0.05179282868525897,4.121759766338079,11.46106483158276
office_furniture,1251,0.08073541167066348,0.04636290967226219,3.645044319097502,11.796163069544365
electronics,2502,0.07673860911270983,0.04156674660271783,4.129279097865485,10.968425259792166
furniture_living_room,409,0.07579462102689487,0.039119804400977995,4.074257425742574,11.577017114914426
musical_instruments,608,0.0756578947368421,0.03782894736842105,4.2425249169435215,11.435855263157896
health_beauty,8613,0.07535121328224777,0.04272611169162893,4.23285086183417,11.965749448508069
bed_bath_table,9184,0.07480400696864112,0.04420731707317073,4.0081958195819585,11.35050087108014
construction_tools_construction,724,0.07458563535911603,0.052486187845303865,4.150904033379694,11.027624309392266
watches_gifts,5476,0.07414170927684441,0.041818845872899926,4.122700515084621,11.783235938641344
auto,3792,0.07331223628691984,0.041930379746835444,4.1536830948595655,11.193565400843882
furniture_decor,6188,0.07239819004524888,0.0418552036199095,4.079045913383263,12.251616031027796
telephony,4073,0.07144610851951878,0.03707341026270562,4.059273894788837,11.232261232506751
unknown,1378,0.07111756168359942,0.03991291727140784,4.033235938641344,11.335268505079826
food,436,0.07110091743119266,0.027522935779816515,4.335648148148148,9.69954128440367
industry_commerce_and_business,229,0.06986899563318777,0.034934497816593885,4.246696035242291,12.196506550218341
garden_tools,3400,0.0661764705882353,0.03735294117647059,4.20053238686779,11.791176470588235
stationery,2244,0.0659536541889483,0.03787878787878788,4.305916629314209,11.997326203208557
sports_leisure,7492,0.06593699946609717,0.0400427122263748,4.235096670247046,11.835157501334757
perfumery,3069,0.06581948517432389,0.03844900619094167,4.267898005884276,12.328771586836103
construction_tools_lights,230,0.06521739130434782,0.030434782608695653,4.220264317180617,11.3
books_general_interest,492,0.06504065040650407,0.036585365853658534,4.540983606557377,11.892276422764228
toys,3787,0.06416688671771852,0.04119355690520201,4.240484429065744,12.06152627409559
computers_accessories,6511,0.06404546152664721,0.0360927660881585,4.083179012345679,12.358316694824143
home_appliances_2,227,0.06167400881057269,0.04405286343612335,4.150442477876106,12.33920704845815
home_construction,472,0.0614406779661017,0.023305084745762712,4.025531914893617,11.328389830508474
consoles_games,1013,0.06120434353405726,0.03751233958538993,4.181772908366534,11.498519249753208
cool_stuff,3530,0.05920679886685552,0.032577903682719546,4.229297544260422,12.385269121813032
fashion_bags_accessories,1811,0.05577029265599116,0.03257868580894534,4.242651136993899,13.162893429044727
housewares,5680,0.054225352112676053,0.030985915492957747,4.20510095642933,12.033978873239437
drinks,282,0.05319148936170213,0.024822695035460994,4.23758865248227,10.879432624113475
pet_shop,1682,0.050535077288941736,0.03032104637336504,4.275388291517324,12.361474435196195
small_appliances,606,0.04785478547854786,0.024752475247524754,4.267886855241264,13.83993399339934
fashion_shoes,233,0.04721030042918455,0.03862660944206009,4.286026200873362,14.30901287553648
fixed_telephony,212,0.04716981132075472,0.0330188679245283,3.9665071770334928,14.90566037735849
kitchen_dining_laundry_garden_furniture,237,0.046413502109704644,0.029535864978902954,4.148936170212766,12.240506329113924
home_appliances,747,0.04417670682730924,0.0214190093708166,4.216173835125448,12.607764390896921
luggage_accessories,1012,0.042490118577075096,0.024703557312252964,4.371031746031746,12.600790513833992
market_place,268,0.041044776119402986,0.029850746268656716,4.12781954887218,13.832089552238806
air_conditioning,245,0.04081632653061224,0.0326530612244898,4.1203319502074685,13.910204081632653
food_drink,219,0.0365296803652968,0.0228310502283105,4.449771689497717,11.365296803652969
