month,orders,revenue,late_rate,negative_share
2017-01,800,120312.87,0.029333333333333333,0.12010796221322537
2017-02,1780,247303.02,0.029643073200241985,0.11077297626293366
2017-03,2682,374344.3,0.04556166535742341,0.11238622872971904
2017-04,2404,359927.23,0.06556665219279201,0.12794759825327512
2017-05,3700,506071.14,0.029901269393511988,0.10008529997156668
2017-06,3245,433038.6,0.030303030303030304,0.10607521697203472
2017-07,4026,498031.48,0.027892561983471075,0.09916710046850599
2017-08,4331,573971.68,0.02909611256856666,0.09387755102040816
2017-09,4285,624401.6900000001,0.04385542168674699,0.10199125789218066
2017-10,4631,664219.43,0.041759714158106295,0.11021142600089968
2017-11,7544,1010271.37,0.12403951701427003,0.16526184883238912
2017-12,5673,743914.17,0.07455106112824234,0.1441127998535067
2018-01,7269,950030.36,0.05700947800254633,0.1367460430628832
2018-02,6728,844178.71,0.14126620900076278,0.1925618564622714
2018-03,7211,983213.4400000001,0.18963301442239042,0.21128382268278642
2018-04,6939,996647.75,0.04501323918799647,0.11744668246445497
2018-05,6873,996517.68,0.06563935397836716,0.10755727462064861
2018-06,6167,865124.31,0.011646981627296589,0.09980237154150198
2018-07,6292,895507.22,0.03378817413905133,0.09660019614253024
2018-08,6512,854686.33,0.061880018894662256,0.09541864139020537
