customer_state,region,delivered_orders,late_orders,super_late_orders,avg_days_difference,median_days_difference,avg_review_score,avg_actual_lead_days,avg_promised_lead_days,late_rate,super_late_rate
AL,Northeast,397,85,51,8.707808564231739,10.0,3.8527918781725887,24.50125944584383,33.20906801007557,0.2141057934508816,0.12846347607052896
MA,Northeast,717,125,74,9.571827057182706,11.0,3.833567415730337,21.511854951185494,31.0836820083682,0.17433751743375175,0.10320781032078104
SE,Northeast,335,51,39,10.02089552238806,13.0,3.907185628742515,21.46268656716418,31.48358208955224,0.15223880597014924,0.11641791044776119
PI,Northeast,476,66,35,11.306722689075631,14.0,3.9936305732484074,19.394957983193276,30.701680672268907,0.13865546218487396,0.07352941176470588
CE,Northeast,1279,176,131,10.80453479280688,13.0,3.941869599371563,21.200156372165754,32.004691164972634,0.1376075058639562,0.10242376856919469
RR,North,41,5,4,17.29268292682927,20.0,3.902439024390244,29.341463414634145,46.63414634146341,0.12195121951219512,0.0975609756097561
BA,Northeast,3256,396,247,10.79453316953317,12.0,3.930009290802106,19.278562653562652,30.073095823095823,0.12162162162162163,0.07585995085995086
RJ,Southeast,12350,1495,1063,11.761214574898785,13.0,3.965140720115743,15.237004048582996,26.998218623481783,0.12105263157894737,0.08607287449392713
PA,North,946,106,78,14.066596194503171,16.0,3.909967845659164,23.725158562367866,37.791754756871036,0.11205073995771671,0.0824524312896406
ES,Southeast,1995,214,123,10.496240601503759,12.0,4.079735906551549,15.723809523809523,26.220050125313282,0.10726817042606517,0.061654135338345864
PB,Northeast,517,54,33,13.261121856866538,14.0,4.076171875,20.38878143133462,33.64990328820116,0.10444874274661509,0.06382978723404255
TO,North,274,27,15,12.13138686131387,13.0,4.153846153846154,17.598540145985403,29.72992700729927,0.09854014598540146,0.05474452554744526
MS,Central-West,701,68,38,11.052781740370898,12.0,4.160228898426324,15.544935805991441,26.59771754636234,0.09700427960057062,0.05420827389443652
PE,Northeast,1593,153,105,13.293785310734464,14.0,4.082963901203294,18.3954802259887,31.689265536723163,0.096045197740113,0.06591337099811675
RN,Northeast,474,44,30,13.649789029535865,15.0,4.149681528662421,19.223628691983123,32.87341772151899,0.09282700421940929,0.06329113924050633
SC,South,3546,291,152,11.503384094754653,13.0,4.133276499005399,14.902989283699943,26.406373378454596,0.08206429780033841,0.04286520022560632
GO,Central-West,1957,128,72,12.185487991824221,13.0,4.10431654676259,15.536024527337762,27.721512519161983,0.06540623403168115,0.036791006642820645
RS,South,5344,325,210,13.910366766467066,15.0,4.185598948554262,15.248502994011975,29.158869760479043,0.06081586826347305,0.03929640718562874
MT,Central-West,886,53,35,14.363431151241535,15.0,4.146188850967008,18.003386004514674,32.36681715575621,0.05981941309255079,0.039503386004514675
DF,Central-West,2080,118,51,12.048076923076923,13.0,4.133816425120773,12.899038461538462,24.947115384615383,0.05673076923076923,0.02451923076923077
MG,Southeast,11354,519,254,13.242998062356879,14.0,4.19246787771378,11.944953320415712,25.187951382772592,0.04571076272679232,0.02237097058305443
SP,Southeast,40494,1820,820,11.075542055613177,11.0,4.246518982102353,8.70057292438386,19.776114979997036,0.044944930113103174,0.02024991356744209
PR,South,4923,199,96,13.314239284988828,14.0,4.239591836734694,11.938045906967297,25.252285191956123,0.04042250660166565,0.019500304692260818
AC,North,80,3,2,20.725,22.0,4.0875,21.0,41.725,0.0375,0.025
AP,North,67,2,1,19.686567164179106,22.0,4.242424242424242,27.17910447761194,46.865671641791046,0.029850746268656716,0.014925373134328358
RO,North,243,7,3,20.102880658436213,21.0,4.1652892561983474,19.28395061728395,39.38683127572016,0.02880658436213992,0.012345679012345678
AM,North,145,4,2,19.56551724137931,19.0,4.243055555555555,26.358620689655172,45.92413793103448,0.027586206896551724,0.013793103448275862
